{
  "precision": 0.7905559786747905,
  "recall": 0.7863636363636364,
  "f1": 0.7884542347132548,
  "fn_per_1000_tokens": 21.36851938346567
}