{
  "precision": 0.9992378048780488,
  "recall": 0.9931818181818182,
  "f1": 0.9962006079027356,
  "fn_per_1000_tokens": 0.9341429238673516
}